,Age Category,Current,Proposed,Forward
0,18 or younger,1301.4218434382594,1251.9565217391305,1788
1,19 - 35,1856.3307546990197,1781.1980198019803,1788
2,36 - 50,2576.684267350112,1709.375,1788
3,51+,3321.4048571111666,1667.8862359550562,1788
