,Operating Margin,Revenue Impact,Net Profit Impact,NP_scale,Rev_scale
0,0.1,-11526.150000000023,2849.024624999962,0.2471792077146277,4.045647727597363
1,0.2,-23052.300000000047,29607.415499999945,1.284358415429258,0.7785988614913074
2,0.3,-34578.44999999995,80275.17262500012,2.321537623143901,0.4307489958511927
3,0.4,-46104.60000000009,154852.29599999986,3.358716830858516,0.2977327504398135
